{
  "R2": 0.9417221398724429,
  "MAE": 4.970259342310787,
  "RMSE": 41.67446539607438
}