{
  "R2": 0.9549404529061475,
  "MAE": 1.8523397641060628,
  "RMSE": 36.64474045748418
}